 id,title,release,num_song,duration,,
AL1,Possimus numquam minima.,06/08/2015,5,0:30:00,,
AL10,Qui molestiae.,20/06/1985,14,1:24:00,,
AL100,Tempore quia adipisci.,21/09/1971,15,1:30:00,,
AL101,Maxime similique nisi.,17/12/2006,10,1:00:00,,
AL102,Quidem quisquam.,25/10/2015,4,0:24:00,,
AL103,Officia laboriosam natus.,04/04/1977,9,0:54:00,,
AL104,Rerum quis dolorem.,06/01/1980,14,1:24:00,,
AL105,Ipsum qui eum.,23/05/1986,15,1:30:00,,
AL106,Facere non facere.,15/10/2005,15,1:30:00,,
AL107,Culpa et.,16/10/2017,15,1:30:00,,
AL108,Doloribus molestiae placeat.,13/09/1998,14,1:24:00,,
AL109,Ipsam voluptas.,15/08/2019,9,0:54:00,,
AL11,Quia omnis quisquam.,11/02/1986,2,0:12:00,,
AL110,Doloribus qui ut.,14/06/1996,5,0:30:00,,
AL111,Dolor quia quas.,28/02/2002,15,1:30:00,,
AL112,Occaecati delectus.,14/09/1991,10,1:00:00,,
AL113,Sint voluptatum ut.,06/03/2004,12,1:12:00,,
AL114,Accusamus dolorem deleniti.,01/08/1997,4,0:24:00,,
AL115,Dolor in sit.,01/01/2023,12,1:12:00,,
AL116,Aut vel occaecati.,02/08/1988,11,1:06:00,,
AL117,Odio repellendus.,11/12/2011,11,1:06:00,,
AL118,Nihil illo.,19/04/1988,3,0:18:00,,
AL119,Quia recusandae.,07/07/1995,6,0:36:00,,
AL12,Ut temporibus.,29/07/1978,9,0:54:00,,
AL120,A quia dolorum.,31/10/1991,13,1:18:00,,
AL121,Ex culpa eligendi.,05/02/2013,8,0:48:00,,
AL122,Repudiandae sunt rerum.,28/05/2023,15,1:30:00,,
AL123,Quis voluptatem.,11/03/2020,2,0:12:00,,
AL124,Iure et et.,15/01/2004,9,0:54:00,,
AL125,Repellat cum.,23/01/1992,1,0:06:00,,
AL126,Vel sit.,26/01/1983,12,1:12:00,,
AL127,Cupiditate eligendi alias.,15/11/1986,15,1:30:00,,
AL128,Debitis omnis.,06/06/2022,9,0:54:00,,
AL129,Atque dolorum.,12/08/1983,3,0:18:00,,
AL13,A nobis quibusdam.,06/04/1972,12,1:12:00,,
AL130,Voluptatem fugiat.,23/08/1985,15,1:30:00,,
AL131,Nihil explicabo minima.,22/04/1989,11,1:06:00,,
AL132,Sit et molestiae.,01/01/1989,14,1:24:00,,
AL133,Ut nihil.,21/08/1991,9,0:54:00,,
AL134,Nobis eum.,19/06/1974,16,1:36:00,,
AL135,Omnis repellat.,19/10/2004,11,1:06:00,,
AL136,Sapiente aut voluptas.,30/07/2020,10,1:00:00,,
AL137,Tenetur iure.,24/11/2011,16,1:36:00,,
AL138,Quas rem.,03/05/2008,13,1:18:00,,
AL139,Nisi sit ea.,05/06/2021,11,1:06:00,,
AL14,Exercitationem nisi voluptatem.,13/07/2007,9,0:54:00,,
AL140,Fuga quia magni.,07/09/1997,7,0:42:00,,
AL141,In aliquid.,17/07/1975,14,1:24:00,,
AL142,Sapiente nam dolores.,17/02/2017,7,0:42:00,,
AL143,Perferendis et reprehenderit.,23/05/2003,14,1:24:00,,
AL144,Animi voluptate.,07/11/1988,3,0:18:00,,
AL145,Autem corporis.,21/08/2008,8,0:48:00,,
AL146,Quidem mollitia quidem.,30/11/1974,10,1:00:00,,
AL147,Exercitationem eum quod.,23/01/2024,8,0:48:00,,
AL148,Consectetur commodi.,20/08/2009,6,0:36:00,,
AL149,Ut non.,03/04/2020,2,0:12:00,,
AL15,Ut blanditiis mollitia.,10/04/1980,8,0:48:00,,
AL150,Tenetur exercitationem possimus.,21/05/1993,10,1:00:00,,
AL151,Voluptatem et.,02/02/1988,16,1:36:00,,
AL152,Itaque maiores reiciendis.,18/09/2023,1,0:06:00,,
AL153,Ut mollitia quia.,30/07/1993,7,0:42:00,,
AL154,Expedita aut.,05/05/1978,10,1:00:00,,
AL155,Ut delectus.,11/02/2005,14,1:24:00,,
AL156,Incidunt delectus autem.,18/04/1980,13,1:18:00,,
AL157,Aut provident.,07/08/2021,3,0:18:00,,
AL158,Illo ipsam praesentium.,14/07/1992,5,0:30:00,,
AL159,Qui sit ipsa.,16/04/2012,3,0:18:00,,
AL16,Error nulla nam.,11/10/1974,13,1:18:00,,
AL160,Quae nihil.,24/05/1977,13,1:18:00,,
AL161,Rerum doloremque fugiat.,28/06/2006,5,0:30:00,,
AL162,Similique saepe.,01/12/2001,8,0:48:00,,
AL163,Et voluptas et.,23/02/2020,16,1:36:00,,
AL164,Id incidunt aliquam.,18/08/2015,7,0:42:00,,
AL165,Consequatur molestiae corrupti.,13/05/1995,1,0:06:00,,
AL166,Eos est ut.,31/08/2003,10,1:00:00,,
AL167,Et fugit asperiores.,19/03/1983,14,1:24:00,,
AL168,Aperiam laudantium.,02/08/1972,7,0:42:00,,
AL169,Sapiente eaque.,18/04/2010,8,0:48:00,,
AL17,Nisi animi.,28/06/1985,3,0:18:00,,
AL170,Magnam numquam aut.,12/07/1993,16,1:36:00,,
AL171,Animi voluptatum.,21/06/1990,4,0:24:00,,
AL172,Vitae et.,08/02/1992,6,0:36:00,,
AL173,Omnis dolor.,14/11/1987,4,0:24:00,,
AL174,Dicta dignissimos consectetur.,26/01/2015,16,1:36:00,,
AL175,Repellendus earum sint.,24/08/2007,14,1:24:00,,
AL176,Ut consequuntur doloribus.,18/03/2009,2,0:12:00,,
AL177,Ut quisquam.,19/08/1986,8,0:48:00,,
AL178,Sed tempora molestias.,08/11/2003,1,0:06:00,,
AL179,Debitis aperiam.,27/06/1985,3,0:18:00,,
AL18,Quia molestias reprehenderit.,14/11/1972,11,1:06:00,,
AL180,Impedit perspiciatis.,22/06/1973,15,1:30:00,,
AL181,Ea eligendi.,17/03/2012,6,0:36:00,,
AL182,Fugit perferendis qui.,25/04/1999,1,0:06:00,,
AL183,Soluta modi velit.,15/03/2019,16,1:36:00,,
AL184,Inventore eligendi.,08/03/1980,11,1:06:00,,
AL185,Est qui.,10/10/2010,16,1:36:00,,
AL186,Alias suscipit amet.,18/03/2009,13,1:18:00,,
AL187,Voluptas eius nihil.,01/03/2007,11,1:06:00,,
AL188,Sunt reprehenderit.,25/03/1989,7,0:42:00,,
AL189,Alias vero.,06/09/2021,1,0:06:00,,
AL19,Est incidunt.,15/09/1985,4,0:24:00,,
AL190,Voluptates quod veritatis.,10/03/1985,4,0:24:00,,
AL191,Labore eos cumque.,09/11/1997,3,0:18:00,,
AL192,Voluptas temporibus.,03/04/2023,12,1:12:00,,
AL193,Molestiae non.,21/06/2006,12,1:12:00,,
AL194,Voluptatem non sit.,19/03/1991,1,0:06:00,,
AL195,Maiores aut.,28/02/1971,7,0:42:00,,
AL196,Omnis voluptatem.,06/07/2014,3,0:18:00,,
AL197,Aut consectetur accusamus.,11/11/1994,2,0:12:00,,
AL198,Quaerat porro aspernatur.,28/02/1976,15,1:30:00,,
AL199,Non ab placeat.,28/07/2015,4,0:24:00,,
AL2,Exercitationem fugiat ullam.,05/04/1986,14,1:24:00,,
AL20,Veniam esse culpa.,29/11/1991,2,0:12:00,,
AL200,Laudantium corporis consequatur.,16/02/1985,5,0:30:00,,
AL201,Pariatur at.,05/08/1999,16,1:36:00,,
AL202,Mollitia dolorum cupiditate.,03/05/2016,5,0:30:00,,
AL203,Impedit eum.,13/06/1980,5,0:30:00,,
AL204,Id expedita qui.,01/03/1971,15,1:30:00,,
AL205,Aliquid corporis et.,18/05/2012,2,0:12:00,,
AL206,Rerum alias at.,05/12/1978,14,1:24:00,,
AL207,Amet consequatur sit.,26/11/2017,13,1:18:00,,
AL208,Molestiae quisquam.,28/01/2000,11,1:06:00,,
AL209,Cumque delectus.,21/11/2019,5,0:30:00,,
AL21,Unde sed.,04/12/2019,7,0:42:00,,
AL210,Aut deserunt debitis.,27/05/1992,10,1:00:00,,
AL211,Ea est.,09/08/1981,4,0:24:00,,
AL212,Deleniti enim non.,19/05/2021,16,1:36:00,,
AL213,Adipisci vel.,03/05/1979,2,0:12:00,,
AL214,Quo magni sed.,04/07/1973,15,1:30:00,,
AL215,Quisquam magni.,23/01/1990,10,1:00:00,,
AL216,Dignissimos et.,30/04/1979,13,1:18:00,,
AL217,Enim sed.,12/06/1984,9,0:54:00,,
AL218,Dolore neque eum.,09/02/1998,14,1:24:00,,
AL219,Sit et.,15/10/1987,2,0:12:00,,
AL22,Ducimus perferendis in.,17/06/1974,14,1:24:00,,
AL220,Quia consectetur.,05/02/1993,4,0:24:00,,
AL221,Odit dignissimos.,10/12/1992,15,1:30:00,,
AL222,Itaque quidem.,10/02/2016,12,1:12:00,,
AL223,Sit ut.,01/10/1980,6,0:36:00,,
AL224,Possimus dolores dolores.,19/02/1992,16,1:36:00,,
AL225,Voluptate aut.,21/04/1997,11,1:06:00,,
AL226,Ex consequatur.,22/07/1978,9,0:54:00,,
AL227,Aliquid et animi.,17/02/2010,13,1:18:00,,
AL228,Quis dolorem at.,10/11/1977,7,0:42:00,,
AL229,Deleniti vel magni.,13/12/2011,4,0:24:00,,
AL23,Quisquam rerum est.,13/12/1988,12,1:12:00,,
AL230,In et.,26/06/2016,7,0:42:00,,
AL231,Sed numquam.,28/02/2019,11,1:06:00,,
AL232,Nesciunt dolores.,14/07/2016,7,0:42:00,,
AL233,Omnis dolor quidem.,05/10/1994,15,1:30:00,,
AL234,Quae quis corporis.,27/12/2010,15,1:30:00,,
AL235,Illum autem.,03/12/2018,10,1:00:00,,
AL236,Et in.,25/02/1988,14,1:24:00,,
AL237,Odit unde.,15/10/1974,2,0:12:00,,
AL238,Est repellat amet.,14/01/2011,7,0:42:00,,
AL239,Saepe eveniet quos.,30/01/2021,7,0:42:00,,
AL24,Ea nihil.,03/01/2009,10,1:00:00,,
AL240,Et illo quo.,19/01/1974,2,0:12:00,,
AL241,Voluptatem reprehenderit.,08/06/1996,12,1:12:00,,
AL242,Ut et.,13/12/1994,14,1:24:00,,
AL243,Est beatae.,24/07/1973,15,1:30:00,,
AL244,Quia maiores officiis.,13/04/2007,5,0:30:00,,
AL245,Officia laborum tempora.,11/06/2013,8,0:48:00,,
AL246,Tenetur et.,10/09/2004,5,0:30:00,,
AL247,Iure voluptatibus rerum.,28/06/2016,11,1:06:00,,
AL248,Est enim a.,07/04/1998,15,1:30:00,,
AL249,Consequatur eos.,26/10/1978,11,1:06:00,,
AL25,Eaque qui facere.,20/12/2021,9,0:54:00,,
AL250,Tempora cumque.,23/11/1987,10,1:00:00,,
AL251,Nesciunt aliquam.,11/09/2009,5,0:30:00,,
AL252,Officiis maxime sint.,12/10/1977,4,0:24:00,,
AL253,Fugit fuga iusto.,29/08/2010,11,1:06:00,,
AL254,Unde ipsa corrupti.,25/04/1998,11,1:06:00,,
AL255,Quas perspiciatis.,28/10/2020,8,0:48:00,,
AL256,Numquam expedita.,31/03/1971,11,1:06:00,,
AL257,Est quis.,03/06/1991,11,1:06:00,,
AL258,Quaerat id.,13/02/1992,12,1:12:00,,
AL259,Qui sit et.,11/12/1977,16,1:36:00,,
AL26,Tempore fugiat.,13/01/1984,1,0:06:00,,
AL260,Ducimus possimus.,04/04/2013,13,1:18:00,,
AL261,Inventore similique enim.,12/12/1995,4,0:24:00,,
AL262,Incidunt voluptates reprehenderit.,11/02/1997,13,1:18:00,,
AL263,Reiciendis quas error.,26/10/2011,10,1:00:00,,
AL264,Et maiores.,05/11/1974,14,1:24:00,,
AL265,Neque officia odit.,27/10/1981,1,0:06:00,,
AL266,Facilis voluptate sed.,26/03/1984,15,1:30:00,,
AL267,Nobis cum consequatur.,22/11/2009,7,0:42:00,,
AL268,Quis consectetur sed.,28/01/2002,8,0:48:00,,
AL269,Commodi error.,30/09/1970,5,0:30:00,,
AL27,Omnis et.,05/07/2006,3,0:18:00,,
AL270,Magnam dolore.,14/02/1989,7,0:42:00,,
AL271,Eligendi aut.,21/08/1992,6,0:36:00,,
AL272,Laboriosam omnis.,25/04/1972,13,1:18:00,,
AL273,Vero repellat consectetur.,06/09/2009,11,1:06:00,,
AL274,Et asperiores cupiditate.,12/12/1976,5,0:30:00,,
AL275,Facere eum.,04/10/1989,7,0:42:00,,
AL276,Ut iste sequi.,28/05/2007,8,0:48:00,,
AL277,Iusto qui.,08/12/1991,16,1:36:00,,
AL278,Autem possimus eaque.,19/11/1991,6,0:36:00,,
AL279,Ullam nam tempora.,11/03/1990,13,1:18:00,,
AL28,Aut qui.,02/10/1998,4,0:24:00,,
AL280,Fugiat esse tenetur.,06/10/1984,3,0:18:00,,
AL281,Veritatis et animi.,31/12/2002,14,1:24:00,,
AL282,Voluptatibus quisquam perspiciatis.,10/02/1997,12,1:12:00,,
AL283,Dolore consequatur.,08/11/2011,13,1:18:00,,
AL284,Veritatis rem officiis.,03/07/2009,7,0:42:00,,
AL285,Velit ut.,17/07/1989,8,0:48:00,,
AL286,Non laboriosam rem.,14/05/1997,1,0:06:00,,
AL287,Quisquam odio in.,10/01/1975,11,1:06:00,,
AL288,Tempore natus.,04/03/2023,5,0:30:00,,
AL289,Exercitationem hic dolorum.,12/06/2010,11,1:06:00,,
AL29,Non sed maiores.,15/08/1985,3,0:18:00,,
AL290,Exercitationem culpa vel.,30/10/1973,4,0:24:00,,
AL291,Necessitatibus magni.,06/08/1985,7,0:42:00,,
AL292,Voluptatem qui.,25/10/1994,4,0:24:00,,
AL293,Modi qui aut.,12/02/1993,11,1:06:00,,
AL294,Error aut.,08/07/2023,16,1:36:00,,
AL295,Recusandae qui qui.,08/08/2019,10,1:00:00,,
AL296,Maxime veritatis eos.,15/09/2006,8,0:48:00,,
AL297,Quis consequatur.,01/09/2012,11,1:06:00,,
AL298,Eos placeat.,24/12/2009,7,0:42:00,,
AL299,Suscipit et.,23/03/2023,4,0:24:00,,
AL3,Voluptas non veritatis.,28/04/1990,4,0:24:00,,
AL30,Et cupiditate et.,13/11/2023,2,0:12:00,,
AL300,Optio porro quaerat.,26/05/2017,3,0:18:00,,
AL301,Est repellat.,17/03/2005,16,1:36:00,,
AL302,Aut cupiditate.,04/01/2006,14,1:24:00,,
AL303,Sunt ea eum.,02/11/2013,5,0:30:00,,
AL304,Voluptas molestias.,05/11/1983,8,0:48:00,,
AL305,Enim eum.,05/06/1988,6,0:36:00,,
AL306,Dolore delectus.,15/02/2011,15,1:30:00,,
AL307,Eaque dolore voluptatem.,03/05/1998,9,0:54:00,,
AL308,Aliquid ducimus voluptatem.,15/11/1985,3,0:18:00,,
AL309,Sequi consequuntur.,19/02/1999,3,0:18:00,,
AL31,Molestiae voluptatem.,28/05/2002,15,1:30:00,,
AL310,Hic sed.,15/09/2005,9,0:54:00,,
AL311,Nihil atque reiciendis.,19/04/2015,3,0:18:00,,
AL312,Non eum.,06/05/2023,7,0:42:00,,
AL313,Libero sit molestias.,29/06/1978,4,0:24:00,,
AL314,Neque ut sit.,21/08/2014,5,0:30:00,,
AL315,Vel aut sed.,30/07/2021,2,0:12:00,,
AL316,Suscipit qui alias.,25/07/2013,12,1:12:00,,
AL317,Veritatis neque.,04/03/1978,10,1:00:00,,
AL318,Sit repellat dolor.,20/04/1984,15,1:30:00,,
AL319,Ducimus beatae.,23/10/1992,6,0:36:00,,
AL32,Ut odio ipsa.,09/02/1982,11,1:06:00,,
AL320,Omnis exercitationem.,06/03/2011,13,1:18:00,,
AL321,Cum omnis magnam.,03/05/1990,11,1:06:00,,
AL322,Exercitationem dicta.,08/02/1977,10,1:00:00,,
AL323,Explicabo exercitationem.,30/07/1970,7,0:42:00,,
AL324,Qui et distinctio.,23/05/1986,6,0:36:00,,
AL325,Eos neque ut.,06/06/2023,14,1:24:00,,
AL326,Et sed corrupti.,24/08/2019,10,1:00:00,,
AL327,Beatae enim.,01/01/1997,8,0:48:00,,
AL328,In qui.,29/10/2006,10,1:00:00,,
AL329,Harum commodi.,27/10/1973,11,1:06:00,,
AL33,Corrupti qui distinctio.,30/08/1978,14,1:24:00,,
AL330,Vero dolores natus.,08/09/1981,12,1:12:00,,
AL331,Sint cumque.,01/10/1983,11,1:06:00,,
AL332,Laudantium sed.,22/10/1982,7,0:42:00,,
AL333,Inventore nulla et.,08/11/1982,12,1:12:00,,
AL334,Quas dolorem.,06/05/2010,9,0:54:00,,
AL335,Laborum cum molestias.,02/04/1976,2,0:12:00,,
AL336,Eos rerum perferendis.,03/01/1999,5,0:30:00,,
AL337,Commodi mollitia.,07/11/1978,11,1:06:00,,
AL338,Voluptas dolores.,01/01/2018,16,1:36:00,,
AL339,Accusamus earum placeat.,13/09/2022,13,1:18:00,,
AL34,Omnis harum nihil.,23/03/2014,1,0:06:00,,
AL340,Cupiditate sequi.,01/01/2018,3,0:18:00,,
AL341,Deleniti quia id.,30/11/2008,2,0:12:00,,
AL342,Inventore quas.,14/10/2017,14,1:24:00,,
AL343,Assumenda voluptas ducimus.,31/01/2004,12,1:12:00,,
AL344,Ratione eaque.,26/05/2016,2,0:12:00,,
AL345,Praesentium quia voluptas.,11/02/2014,1,0:06:00,,
AL346,Fugit ducimus cumque.,29/09/2008,9,0:54:00,,
AL347,Quis facilis.,20/11/1994,12,1:12:00,,
AL348,Eligendi officia quo.,24/02/1973,14,1:24:00,,
AL349,Amet nisi magnam.,30/04/2014,4,0:24:00,,
AL35,Facere rerum ex.,23/09/2010,12,1:12:00,,
AL350,Nulla cupiditate placeat.,19/06/1984,5,0:30:00,,
AL351,Animi pariatur.,04/03/2008,6,0:36:00,,
AL352,At architecto.,07/12/2012,14,1:24:00,,
AL353,Iusto saepe ut.,22/05/2022,1,0:06:00,,
AL354,Similique consequuntur.,17/09/2023,3,0:18:00,,
AL355,Nam fugit aut.,12/05/1986,7,0:42:00,,
AL356,Error officia.,31/03/2003,7,0:42:00,,
AL357,Quas voluptatem expedita.,20/05/2009,9,0:54:00,,
AL358,Qui culpa.,01/03/1988,1,0:06:00,,
AL359,Quis ducimus.,30/05/2014,16,1:36:00,,
AL36,Pariatur aut.,27/07/1983,13,1:18:00,,
AL360,At totam.,14/03/1989,12,1:12:00,,
AL361,Et quo.,13/08/1979,2,0:12:00,,
AL362,Natus cupiditate inventore.,03/08/2012,4,0:24:00,,
AL363,Dolores possimus velit.,30/10/2016,8,0:48:00,,
AL364,Laborum deleniti.,17/02/1986,1,0:06:00,,
AL365,Esse sint.,10/12/2005,6,0:36:00,,
AL366,Saepe accusamus et.,17/05/1984,3,0:18:00,,
AL367,Eum atque numquam.,27/08/2011,1,0:06:00,,
AL368,Dolorem consequuntur.,17/04/2018,2,0:12:00,,
AL369,Et laborum.,08/07/1999,2,0:12:00,,
AL37,Iusto eaque accusamus.,24/05/2012,7,0:42:00,,
AL370,Exercitationem accusamus.,25/01/1996,2,0:12:00,,
AL371,Necessitatibus iure et.,07/03/1976,3,0:18:00,,
AL372,Distinctio alias ducimus.,31/08/2018,13,1:18:00,,
AL373,Consequatur dolorem amet.,12/02/1987,4,0:24:00,,
AL374,Nobis qui.,22/04/1999,12,1:12:00,,
AL375,Fugiat laborum voluptatem.,24/07/1984,1,0:06:00,,
AL376,Dolorum asperiores.,16/03/1991,15,1:30:00,,
AL377,Quas totam veniam.,26/06/1986,10,1:00:00,,
AL378,Magni et laborum.,08/01/2018,9,0:54:00,,
AL379,Vitae recusandae cumque.,28/10/1971,2,0:12:00,,
AL38,Sit perspiciatis.,30/09/1971,9,0:54:00,,
AL380,Ea voluptas ipsum.,05/08/1971,4,0:24:00,,
AL381,Odio dolores sint.,04/11/2020,9,0:54:00,,
AL382,Dolor iusto.,31/01/1974,5,0:30:00,,
AL383,Sit impedit.,24/10/1989,11,1:06:00,,
AL384,Et distinctio.,17/08/1993,14,1:24:00,,
AL385,Inventore officia aperiam.,11/06/1998,4,0:24:00,,
AL386,Corrupti sequi voluptatem.,08/02/2017,13,1:18:00,,
AL387,At perspiciatis cum.,29/05/1978,12,1:12:00,,
AL388,Assumenda aut.,06/05/1984,2,0:12:00,,
AL389,Aperiam commodi.,09/12/1988,10,1:00:00,,
AL39,Distinctio non porro.,17/02/1989,6,0:36:00,,
AL390,At necessitatibus est.,02/01/1985,3,0:18:00,,
AL391,Ut non ad.,29/11/1996,15,1:30:00,,
AL392,Corporis beatae eaque.,23/12/1973,16,1:36:00,,
AL393,Facere quas ut.,04/06/2001,7,0:42:00,,
AL394,Odio id autem.,18/05/2008,14,1:24:00,,
AL395,Eaque autem quis.,13/12/2019,6,0:36:00,,
AL396,Accusamus qui.,06/09/2002,10,1:00:00,,
AL397,Modi et mollitia.,25/12/1992,10,1:00:00,,
AL398,Vel architecto.,07/07/2012,6,0:36:00,,
AL399,Autem possimus.,25/01/1979,4,0:24:00,,
AL4,Sed ea.,22/02/2004,10,1:00:00,,
AL40,Adipisci laboriosam ipsa.,24/12/1970,15,1:30:00,,
AL400,Hic quasi.,04/07/2011,6,0:36:00,,
AL401,Molestiae nam.,21/07/1992,2,0:12:00,,
AL402,Reiciendis eaque corporis.,10/07/1984,5,0:30:00,,
AL403,Repellendus possimus dolore.,24/05/1982,14,1:24:00,,
AL404,Excepturi voluptate.,17/05/1970,2,0:12:00,,
AL405,Non saepe.,30/06/1998,9,0:54:00,,
AL406,Totam ratione.,22/11/1973,5,0:30:00,,
AL407,Minima quo dolore.,27/07/2023,9,0:54:00,,
AL408,Enim quo.,22/09/1996,2,0:12:00,,
AL409,Qui reiciendis molestias.,23/12/1985,1,0:06:00,,
AL41,Possimus eveniet quos.,21/05/1977,2,0:12:00,,
AL410,Sint quis.,01/04/2010,9,0:54:00,,
AL411,Et rerum natus.,18/02/1992,13,1:18:00,,
AL412,Facilis ab.,02/06/1990,7,0:42:00,,
AL413,Repellendus voluptates.,08/12/1970,4,0:24:00,,
AL414,Est nostrum tempore.,03/07/2020,12,1:12:00,,
AL415,Voluptas magni esse.,20/03/1992,10,1:00:00,,
AL416,Provident ipsum autem.,11/12/1995,2,0:12:00,,
AL417,Id voluptatibus.,05/01/1986,4,0:24:00,,
AL418,Quia corrupti facere.,23/11/2022,1,0:06:00,,
AL419,Doloribus officiis aut.,10/03/2015,1,0:06:00,,
AL42,Amet veritatis.,27/12/1971,10,1:00:00,,
AL420,Natus et id.,06/11/1988,14,1:24:00,,
AL421,Minima consequatur nostrum.,10/03/1992,4,0:24:00,,
AL422,Ipsa soluta error.,13/10/1974,8,0:48:00,,
AL423,Voluptates exercitationem nulla.,01/06/2003,6,0:36:00,,
AL424,Quas qui facilis.,07/05/2016,8,0:48:00,,
AL425,Eaque suscipit.,22/04/2016,11,1:06:00,,
AL426,Qui nisi.,03/05/2013,12,1:12:00,,
AL427,Est sint aut.,08/10/1999,6,0:36:00,,
AL428,Harum dolores.,03/01/1986,11,1:06:00,,
AL429,Neque ab.,17/04/1995,12,1:12:00,,
AL43,Tempora vel.,08/08/2021,10,1:00:00,,
AL430,Sed ab doloribus.,08/06/2018,15,1:30:00,,
AL431,Soluta repellat doloremque.,25/05/1999,6,0:36:00,,
AL432,Repellat quis dolores.,18/01/1996,1,0:06:00,,
AL433,Sint ipsam minus.,07/10/2022,15,1:30:00,,
AL434,Et aut.,17/02/2015,8,0:48:00,,
AL435,Reiciendis voluptatem.,28/07/2018,7,0:42:00,,
AL436,Deleniti nemo.,28/06/2017,1,0:06:00,,
AL437,Quas consequatur ut.,03/12/2016,10,1:00:00,,
AL438,Sit animi neque.,18/02/1986,7,0:42:00,,
AL439,Maxime vel illum.,01/07/1998,3,0:18:00,,
AL44,Quis omnis velit.,11/05/2007,3,0:18:00,,
AL440,At dolores fuga.,11/11/2001,9,0:54:00,,
AL441,Excepturi est fugiat.,21/01/1997,8,0:48:00,,
AL442,Numquam sit.,05/03/1987,11,1:06:00,,
AL443,Sit modi voluptatibus.,23/04/2002,13,1:18:00,,
AL444,Neque voluptatem aut.,30/04/1982,10,1:00:00,,
AL445,Vitae nam accusantium.,03/02/2006,12,1:12:00,,
AL446,Molestiae minima.,27/03/1974,11,1:06:00,,
AL447,Voluptate nostrum.,15/04/1984,15,1:30:00,,
AL448,Facilis aspernatur eveniet.,29/09/2018,12,1:12:00,,
AL449,Nisi iure eos.,09/08/1973,3,0:18:00,,
AL45,Corporis ipsam ducimus.,25/12/1986,14,1:24:00,,
AL450,Eveniet amet.,30/06/1976,1,0:06:00,,
AL451,Ipsa recusandae adipisci.,07/12/1990,14,1:24:00,,
AL452,Ducimus eos.,09/08/2015,11,1:06:00,,
AL453,Nihil tempore itaque.,28/06/2015,8,0:48:00,,
AL454,Sapiente rerum nulla.,23/04/2004,6,0:36:00,,
AL455,Deleniti quo.,30/03/2001,14,1:24:00,,
AL456,Quaerat commodi voluptates.,27/01/1985,14,1:24:00,,
AL457,Quaerat omnis.,14/10/1987,12,1:12:00,,
AL458,Ut quasi.,09/07/1986,9,0:54:00,,
AL459,Repudiandae id quod.,10/05/1978,7,0:42:00,,
AL46,Voluptatem facilis.,04/03/2015,7,0:42:00,,
AL460,Ut consequuntur.,06/10/2021,2,0:12:00,,
AL461,Et nobis ratione.,22/07/1999,11,1:06:00,,
AL462,Eum quidem velit.,15/01/1979,5,0:30:00,,
AL463,Sit aut.,17/04/1970,16,1:36:00,,
AL464,Unde exercitationem nihil.,01/06/1986,10,1:00:00,,
AL465,Et id.,06/06/1993,10,1:00:00,,
AL466,Reiciendis aliquid nulla.,27/05/1991,9,0:54:00,,
AL467,Earum quae.,10/09/2000,4,0:24:00,,
AL468,Aspernatur autem.,21/01/2012,5,0:30:00,,
AL469,Atque tempora commodi.,21/09/1971,5,0:30:00,,
AL47,Inventore quisquam.,29/05/1975,11,1:06:00,,
AL470,Magni numquam.,10/03/1977,10,1:00:00,,
AL471,Earum repellat corporis.,15/06/1993,2,0:12:00,,
AL472,Quo eligendi.,13/03/2002,8,0:48:00,,
AL473,Optio sit.,02/06/2020,13,1:18:00,,
AL474,Labore et quisquam.,31/05/1970,4,0:24:00,,
AL475,Et assumenda.,07/02/1980,11,1:06:00,,
AL476,Nostrum laudantium sint.,28/08/1981,14,1:24:00,,
AL477,Excepturi qui ut.,26/07/1973,2,0:12:00,,
AL478,Et ut.,23/06/2005,13,1:18:00,,
AL479,Nisi sint quis.,19/03/1974,13,1:18:00,,
AL48,Et dolores facere.,27/12/1994,16,1:36:00,,
AL480,Et quaerat corrupti.,21/11/1994,12,1:12:00,,
AL481,Ea soluta.,14/11/2011,5,0:30:00,,
AL482,Architecto et laborum.,01/12/1973,6,0:36:00,,
AL483,Officia commodi.,02/12/2013,2,0:12:00,,
AL484,Fugit explicabo natus.,05/01/2010,9,0:54:00,,
AL485,Architecto suscipit perferendis.,18/07/2005,1,0:06:00,,
AL486,Cum dolores nostrum.,31/10/1989,9,0:54:00,,
AL487,Exercitationem enim.,11/06/1995,12,1:12:00,,
AL488,Vitae voluptatem eius.,21/10/1987,2,0:12:00,,
AL489,Laborum reprehenderit vero.,28/01/1972,13,1:18:00,,
AL49,Optio corporis.,21/01/1983,6,0:36:00,,
AL490,Rerum quo.,01/11/2019,9,0:54:00,,
AL491,Tenetur dolorem.,01/08/1998,10,1:00:00,,
AL492,Ab praesentium accusamus.,13/05/1995,15,1:30:00,,
AL493,Tenetur reiciendis.,23/10/1997,3,0:18:00,,
AL494,Quia nisi et.,01/05/1976,16,1:36:00,,
AL495,Nihil magnam.,23/04/1976,9,0:54:00,,
AL496,Sint non.,25/10/1976,4,0:24:00,,
AL497,Eligendi incidunt consectetur.,10/03/2023,3,0:18:00,,
AL498,Sit impedit.,22/03/1982,1,0:06:00,,
AL499,Id expedita.,26/11/2007,6,0:36:00,,
AL5,Eaque ducimus repudiandae.,31/08/1990,5,0:30:00,,
AL50,Eaque voluptate.,07/08/1996,5,0:30:00,,
AL500,Harum repellendus quia.,21/12/1992,9,0:54:00,,
AL51,Animi non.,15/05/2015,11,1:06:00,,
AL52,Et laudantium at.,22/10/1990,15,1:30:00,,
AL53,Fugiat ut.,20/06/2013,8,0:48:00,,
AL54,Mollitia repudiandae non.,15/06/1973,8,0:48:00,,
AL55,Quia facere molestiae.,29/06/1970,16,1:36:00,,
AL56,Ea est accusantium.,30/03/2003,5,0:30:00,,
AL57,Voluptatum architecto dolor.,14/01/2011,13,1:18:00,,
AL58,Aut repellendus ut.,11/12/1983,11,1:06:00,,
AL59,Reiciendis magni.,16/03/1991,9,0:54:00,,
AL6,Assumenda mollitia.,02/01/1979,16,1:36:00,,
AL60,Perspiciatis maxime exercitationem.,01/04/2015,16,1:36:00,,
AL61,Hic provident.,26/09/2015,14,1:24:00,,
AL62,Quo fugit.,18/11/1994,16,1:36:00,,
AL63,Nemo autem.,04/12/1995,5,0:30:00,,
AL64,Qui dolorem.,15/11/1985,5,0:30:00,,
AL65,Incidunt itaque.,06/01/1974,16,1:36:00,,
AL66,Ducimus veniam assumenda.,31/07/1984,16,1:36:00,,
AL67,Quidem officia.,24/03/1971,1,0:06:00,,
AL68,Dignissimos autem.,02/07/1970,7,0:42:00,,
AL69,Nostrum quae qui.,09/05/2016,3,0:18:00,,
AL7,Ipsa error.,13/09/2005,5,0:30:00,,
AL70,Nulla dolorem eum.,24/05/2002,12,1:12:00,,
AL71,Error et.,28/11/2017,5,0:30:00,,
AL72,Dignissimos non.,07/04/1978,7,0:42:00,,
AL73,Repellendus perferendis a.,06/11/1997,9,0:54:00,,
AL74,Recusandae voluptatibus quas.,12/08/1999,6,0:36:00,,
AL75,Rerum soluta dolorem.,05/05/1985,16,1:36:00,,
AL76,Unde deleniti.,10/08/1991,8,0:48:00,,
AL77,Quisquam nostrum et.,27/06/1994,13,1:18:00,,
AL78,Ea nisi pariatur.,07/11/1978,3,0:18:00,,
AL79,Quam earum.,30/08/2009,3,0:18:00,,
AL8,Aut mollitia quasi.,16/10/1994,13,1:18:00,,
AL80,Et culpa.,24/10/1991,10,1:00:00,,
AL81,Nisi dolores.,28/06/2005,11,1:06:00,,
AL82,Eos asperiores.,12/02/2010,14,1:24:00,,
AL83,Ratione porro excepturi.,10/02/1995,9,0:54:00,,
AL84,Voluptatem voluptatem et.,10/03/1971,5,0:30:00,,
AL85,Voluptatem commodi.,04/04/1994,11,1:06:00,,
AL86,Ipsa temporibus id.,31/08/1977,2,0:12:00,,
AL87,Et atque.,08/05/1991,9,0:54:00,,
AL88,Est quia.,12/09/1985,14,1:24:00,,
AL89,Aut commodi.,21/05/1989,5,0:30:00,,
AL9,Et aut veniam.,13/04/1991,9,0:54:00,,
AL90,Molestiae voluptatem.,24/03/2002,12,1:12:00,,
AL91,Dolor maxime.,27/07/2020,9,0:54:00,,
AL92,Illum non.,20/04/2014,8,0:48:00,,
AL93,Molestiae aut eos.,31/07/2019,16,1:36:00,,
AL94,Tempora placeat ratione.,05/02/1977,3,0:18:00,,
AL95,Ut quia et.,19/04/1999,5,0:30:00,,
AL96,Quis fugiat.,13/04/2014,5,0:30:00,,
AL97,Quis perferendis.,14/04/2004,14,1:24:00,,
AL98,Aliquid neque.,15/07/1977,1,0:06:00,,
AL99,Minima et laudantium.,06/07/2002,2,0:12:00,,
